{
  "project_info": {
    "project_number": "434873992429",
    "firebase_url": "https://printyou-396e2.firebaseio.com",
    "project_id": "printyou-396e2",
    "storage_bucket": "printyou-396e2.appspot.com"
  },
  "client": [
    {
      "client_info": {
        "mobilesdk_app_id": "1:434873992429:android:8f1c40979c92cffbc9f8e4",
        "android_client_info": {
          "package_name": "com.makul.mobile.mysampleapp"
        }
      },
      "oauth_client": [
        {
          "client_id": "434873992429-an88d7utgdubvnk8je82untlb1ou94op.apps.googleusercontent.com",
          "client_type": 3
        }
      ],
      "api_key": [
        {
          "current_key": "AIzaSyAGJcI2GeF3OFZZLtg_Yo5O6j0yNd4Vrdk"
        }
      ],
      "services": {
        "appinvite_service": {
          "other_platform_oauth_client": [
            {
              "client_id": "434873992429-an88d7utgdubvnk8je82untlb1ou94op.apps.googleusercontent.com",
              "client_type": 3
            }
          ]
        }
      }
    }
  ],
  "configuration_version": "1"
}